{
  "train_loss": [
    1.1193451993995243,
    1.018378280268775,
    1.0077729456954532,
    0.9836000574959649,
    0.9811291807227664,
    0.9720527152220408,
    1.0001089764965905,
    0.9627844942940607,
    0.9724635779857635,
    0.9421228177017635,
    0.9590249379475911,
    0.9505842255221473,
    0.9363056917985281,
    0.9417605512672,
    0.9346061600579156,
    0.9070527646276686,
    0.9176501095294952,
    0.917137598991394,
    0.8997476518154144
  ],
  "val_loss": [
    0.27184766456484794,
    0.2689680799841881,
    0.2897663675248623,
    0.2902240701019764,
    0.28176258131861687,
    0.2708592377603054,
    0.2676541917026043,
    0.2692706182599068,
    0.26662788093090056,
    0.2778759658336639,
    0.2667462326586246,
    0.27190337255597113,
    0.27562873661518095,
    0.27469738870859145,
    0.27361380606889724,
    0.2730807803571224,
    0.2718196131289005,
    0.26749155670404434,
    0.27524318769574163
  ]
}