{
  "lstm_train": {
    "mae": 0.5031103997227174,
    "rmse": 0.7321321925667276,
    "mape_pct": 1.9946689966673752
  },
  "lstm_val": {
    "mae": 0.4291749232023665,
    "rmse": 0.6181904299809339,
    "mape_pct": 1.1328757434843324
  },
  "lstm_test": {
    "mae": 0.43274194908759356,
    "rmse": 0.612862286470066,
    "mape_pct": 1.1996028236248215
  },
  "baseline_test": {
    "mae": 0.43673141257276815,
    "rmse": 0.6147203824426263,
    "mape_pct": 1.209715759456605
  },
  "directional_accuracy_test_lstm_pct": 57.28155339805825,
  "relative_gain_vs_baseline_pct": {
    "mae": 0.9134821472247246,
    "rmse": 0.30226685589584795,
    "mape_pct": 0.8359761995930493
  }
}