{
  "train_loss": [
    1.2968840086728,
    1.1941560429803442,
    1.151770921905389,
    1.126274854279636,
    1.111519762974107,
    1.086562998676568,
    1.0691464786114317,
    1.0649210037140364,
    1.053110279226571,
    1.0509784285272106,
    1.0217550189307567,
    1.0096000285630815,
    0.9912006088187185,
    0.9935148817099883,
    0.9971446050017068
  ],
  "val_loss": [
    0.3415093008428812,
    0.3353703644126654,
    0.34355551451444627,
    0.3459741625934839,
    0.32354093380272386,
    0.3289430484175682,
    0.3247507162392139,
    0.326242321357131,
    0.3254427179694176,
    0.33123213835060594,
    0.33591059111058713,
    0.3265132464468479,
    0.3259239636361599,
    0.32850190065801144,
    0.3269650161266327
  ]
}