{
  "lstm_train": {
    "mae": 0.4984032972044955,
    "rmse": 0.7244501569814717,
    "mape_pct": 1.96807000637725
  },
  "lstm_val": {
    "mae": 0.43075122030807544,
    "rmse": 0.6191955240999977,
    "mape_pct": 1.1366772425482758
  },
  "lstm_test": {
    "mae": 0.42922709680372667,
    "rmse": 0.6107794149701202,
    "mape_pct": 1.1868587261907781
  },
  "baseline_test": {
    "mae": 0.43699999778501447,
    "rmse": 0.6147416684206831,
    "mape_pct": 1.2085941324220744
  },
  "directional_accuracy_test_lstm_pct": 60.322580645161295,
  "relative_gain_vs_baseline_pct": {
    "mae": 1.778695885740425,
    "rmse": 0.6445395934754535,
    "mape_pct": 1.7984040835725004
  }
}